Joggler,Giduz_Path,Giduz_Number,Nationality,Gender
Bill Giduz,['Bill Giduz'],0.0,USA,M
Tim Baird,"['Bill Giduz', 'Tim Baird']",1.0,Unknown,M
Mary Holgin,"['Bill Giduz', 'Mary Holgin']",1.0,Unknown,F
Julia Snyder,"['Bill Giduz', 'Julia Snyder']",1.0,Unknown,F
Elias Tarantalo,"['Bill Giduz', 'Elias Tarantalo']",1.0,Unknown,M
Ben Finnigan,"['Bill Giduz', 'Ben Finnigan']",1.0,Unknown,M
Katie Stern,"['Bill Giduz', 'Katie Stern']",1.0,Unknown,F
George Strain,"['Bill Giduz', 'George Strain']",1.0,Unknown,M
Sandy Amass,"['Bill Giduz', 'Sandy Amass']",1.0,Unknown,F
Joshua edleman,"['Bill Giduz', 'Joshua edleman']",1.0,Unknown,M
Nate Seefeldt,"['Bill Giduz', 'Nate Seefeldt']",1.0,Unknown,M
Rachel Stern,"['Bill Giduz', 'Rachel Stern']",1.0,Unknown,F
Erika Randall,"['Bill Giduz', 'Erika Randall']",1.0,Unknown,F
Corey Connors,"['Bill Giduz', 'Corey Connors']",1.0,Unknown,M
Melinda Paas,"['Bill Giduz', 'Melinda Paas']",1.0,Unknown,F
Shawn Bryan,"['Bill Giduz', 'Shawn Bryan']",1.0,Unknown,M
Franz Roos,"['Bill Giduz', 'Franz Roos']",1.0,CHE,M
Joe Sonnenburg,"['Bill Giduz', 'Joe Sonnenburg']",1.0,Unknown,M
Aaron Olson,"['Bill Giduz', 'Aaron Olson']",1.0,Unknown,M
Scott Anthony,"['Bill Giduz', 'Scott Anthony']",1.0,Unknown,M
Mickey Campaniello,"['Bill Giduz', 'Mickey Campaniello']",1.0,Unknown,M
Reese Edwards,"['Bill Giduz', 'Reese Edwards']",1.0,Unknown,M
Dave Gedeon,"['Bill Giduz', 'Dave Gedeon']",1.0,Unknown,M
Marion Caldwell,"['Bill Giduz', 'Marion Caldwell']",1.0,Unknown,F
Mark Kolbus,"['Bill Giduz', 'Mark Kolbus']",1.0,Unknown,M
George Faust,"['Bill Giduz', 'George Faust']",1.0,Unknown,M
Curt Hoffman,"['Bill Giduz', 'Curt Hoffman']",1.0,Unknown,M
Matt Henstridge,"['Bill Giduz', 'Matt Henstridge']",1.0,Unknown,M
Brian McAllister,"['Bill Giduz', 'Brian McAllister']",1.0,Unknown,M
Peter Fry,"['Bill Giduz', 'Peter Fry']",1.0,Unknown,M
Sam Kilbourn,"['Bill Giduz', 'Sam Kilbourn']",1.0,Unknown,M
Laura Provance,"['Bill Giduz', 'Laura Provance']",1.0,Unknown,F
Becky Provance,"['Bill Giduz', 'Becky Provance']",1.0,Unknown,F
Robert Sandberg,"['Bill Giduz', 'Robert Sandberg']",1.0,Unknown,M
Tucker Weisman,"['Bill Giduz', 'Tucker Weisman']",1.0,Unknown,M
Brent Beebe,"['Bill Giduz', 'Brent Beebe']",1.0,Unknown,M
David Hussey,"['Bill Giduz', 'David Hussey']",1.0,Unknown,M
Chuck Hawley,"['Bill Giduz', 'Chuck Hawley']",1.0,Unknown,M
Laurie Young,"['Bill Giduz', 'Laurie Young']",1.0,Unknown,F
Paul Williamson,"['Bill Giduz', 'Paul Williamson']",1.0,Unknown,M
Jamie Whoolery,"['Bill Giduz', 'Jamie Whoolery']",1.0,Unknown,M
Daniel Hout,"['Bill Giduz', 'Daniel Hout']",1.0,Unknown,M
Joanne Swaim,"['Bill Giduz', 'Joanne Swaim']",1.0,Unknown,F
Cam Fleming,"['Bill Giduz', 'Cam Fleming']",1.0,Unknown,M
Michael Nance,"['Bill Giduz', 'Michael Nance']",1.0,Unknown,M
John Kilgust,"['Bill Giduz', 'John Kilgust']",1.0,Unknown,M
Joe Lyons,"['Bill Giduz', 'Joe Lyons']",1.0,Unknown,M
Dorothy Finnigan,"['Bill Giduz', 'Dorothy Finnigan']",1.0,Unknown,F
Bill Coad,"['Bill Giduz', 'Bill Coad']",1.0,USA,M
Sandy Brown,"['Bill Giduz', 'Sandy Brown']",1.0,Unknown,F
Lana Bolin,"['Bill Giduz', 'Lana Bolin']",1.0,Unknown,F
Travis Saunders,"['Bill Giduz', 'Travis Saunders']",1.0,CAN,M
Andrew Swan,"['Bill Giduz', 'Andrew Swan']",1.0,Unknown,M
Larry Kluger,"['Bill Giduz', 'Larry Kluger']",1.0,Unknown,M
Will Howard,"['Bill Giduz', 'Will Howard']",1.0,USA,M
Paul Ballard,"['Bill Giduz', 'Paul Ballard']",1.0,Unknown,M
Joanne Dintzis,"['Bill Giduz', 'Joanne Dintzis']",1.0,Unknown,F
Cindy Hout,"['Bill Giduz', 'Cindy Hout']",1.0,Unknown,F
Sam Wildofsky,"['Bill Giduz', 'Sam Wildofsky']",1.0,Unknown,M
Kay Caskey,"['Bill Giduz', 'Kay Caskey']",1.0,Unknown,F
Hayley Fix,"['Bill Giduz', 'Hayley Fix']",1.0,Unknown,F
Robin Chestnut,"['Bill Giduz', 'Robin Chestnut']",1.0,Unknown,M
Darin Marriott,"['Bill Giduz', 'Darin Marriott']",1.0,USA,M
Troy Fitzgerald,"['Bill Giduz', 'Troy Fitzgerald']",1.0,Unknown,M
Laura Green,"['Bill Giduz', 'Laura Green']",1.0,Unknown,F
Charles Williams,"['Bill Giduz', 'Charles Williams']",1.0,Unknown,M
Jerry Battenfield,"['Bill Giduz', 'Jerry Battenfield']",1.0,Unknown,M
Richard Courter,"['Bill Giduz', 'Richard Courter']",1.0,Unknown,M
Ben Schoenberg,"['Bill Giduz', 'Ben Schoenberg']",1.0,Unknown,M
Marlin Ballard,"['Bill Giduz', 'Marlin Ballard']",1.0,Unknown,M
Mike Draney,"['Bill Giduz', 'Mike Draney']",1.0,Unknown,M
Kelsey Deutch,"['Bill Giduz', 'Kelsey Deutch']",1.0,Unknown,F
Sasha Kluger,"['Bill Giduz', 'Sasha Kluger']",1.0,Unknown,M
Mike Hebebrand,"['Bill Giduz', 'Mike Hebebrand']",1.0,USA,M
Kathy Glynn,"['Bill Giduz', 'Kathy Glynn']",1.0,Unknown,F
David Groth,"['Bill Giduz', 'David Groth']",1.0,Unknown,M
Paul Arneberg,"['Bill Giduz', 'Paul Arneberg']",1.0,Unknown,M
Natalie McIntyre,"['Bill Giduz', 'Natalie McIntyre']",1.0,Unknown,F
Jay Pittman ,"['Bill Giduz', 'Jay Pittman ']",1.0,Unknown,M
Karen Phariss,"['Bill Giduz', 'Karen Phariss']",1.0,Unknown,F
Steve Otteson,"['Bill Giduz', 'Steve Otteson']",1.0,Unknown,M
Billy Gillen,"['Bill Giduz', 'Billy Gillen']",1.0,USA,M
Owen Morse,"['Bill Giduz', 'Owen Morse']",1.0,USA,M
Albert Lucas,"['Bill Giduz', 'Albert Lucas']",1.0,USA,M
Jeff Mason,"['Bill Giduz', 'Jeff Mason']",1.0,Unknown,M
Tuey Wilson,"['Bill Giduz', 'Tuey Wilson']",1.0,Unknown,M
KC Canter,"['Bill Giduz', 'KC Canter']",1.0,Unknown,F
Mike Thomasen,"['Bill Giduz', 'Mike Thomasen']",1.0,Unknown,M
Jerome Ellis,"['Bill Giduz', 'Jerome Ellis']",1.0,Unknown,M
Kirk Swenson,"['Bill Giduz', 'Kirk Swenson']",1.0,USA,M
Marty Gardella,"['Bill Giduz', 'Marty Gardella']",1.0,Unknown,M
Nick Matsakis,"['Bill Giduz', 'Nick Matsakis']",1.0,Unknown,M
Heather Marriott,"['Bill Giduz', 'Heather Marriott']",1.0,USA,F
Banks Helfrich,"['Bill Giduz', 'Banks Helfrich']",1.0,Unknown,M
Andrew Head,"['Bill Giduz', 'Andrew Head']",1.0,Unknown,M
Jerry Kurtz,"['Bill Giduz', 'Jerry Kurtz']",1.0,Unknown,M
Michel Lauzière,"['Bill Giduz', 'Michel Lauzière']",1.0,CAN,M
Matt Cantrell,"['Bill Giduz', 'Matt Cantrell']",1.0,Unknown,M
Mike Hout,"['Bill Giduz', 'Mike Hout']",1.0,Unknown,M
Edward Sax,"['Bill Giduz', 'Edward Sax']",1.0,Unknown,M
Sean McLoughlin,"['Bill Giduz', 'Sean McLoughlin']",1.0,Unknown,M
Paul Williams,"['Bill Giduz', 'Paul Williams']",1.0,Unknown,M
Jack Hirschowitz,"['Bill Giduz', 'Jack Hirschowitz']",1.0,USA,M
David Marcias,"['Bill Giduz', 'David Marcias']",1.0,Unknown,M
Gerry Berg,"['Bill Giduz', 'Gerry Berg']",1.0,Unknown,M
Dan Berg,"['Bill Giduz', 'Dan Berg']",1.0,Unknown,M
Lars Rohrback,"['Bill Giduz', 'Lars Rohrback']",1.0,Unknown,M
Jim Shellard,"['Bill Giduz', 'Jim Shellard']",1.0,Unknown,M
Ken Rabe,"['Bill Giduz', 'Ken Rabe']",1.0,Unknown,M
Sean McKinney,"['Bill Giduz', 'Sean McKinney']",1.0,Unknown,M
Larry Boehmer,"['Bill Giduz', 'Larry Boehmer']",1.0,Unknown,M
Ben Hout,"['Bill Giduz', 'Ben Hout']",1.0,Unknown,M
Jim Steffens,"['Bill Giduz', 'Jim Steffens']",1.0,Unknown,M
Keith Baker,"['Bill Giduz', 'Keith Baker']",1.0,Unknown,M
Joseph Hout,"['Bill Giduz', 'Joseph Hout']",1.0,Unknown,M
Barry Goldmeier,"['Bill Giduz', 'Barry Goldmeier']",1.0,USA,M
Iman deLachotta-Lizarazu,"['Bill Giduz', 'Iman deLachotta-Lizarazu']",1.0,Unknown,F
Dan Kirk,"['Bill Giduz', 'Dan Kirk']",1.0,Unknown,M
Corinne Ozolins,"['Bill Giduz', 'Corinne Ozolins']",1.0,Unknown,F
Daniel Margulis,"['Bill Giduz', 'Daniel Margulis']",1.0,Unknown,M
Nick Bartucci,"['Bill Giduz', 'Nick Bartucci']",1.0,Unknown,M
Jane Hussey,"['Bill Giduz', 'Jane Hussey']",1.0,Unknown,F
Ian Caldwell,"['Bill Giduz', 'Ian Caldwell']",1.0,Unknown,M
Meghan Cain,"['Bill Giduz', 'Meghan Cain']",1.0,Unknown,F
Elizabeth Sanberg,"['Bill Giduz', 'Elizabeth Sanberg']",1.0,Unknown,F
Ivan Hernandez,"['Bill Giduz', 'Ivan Hernandez']",1.0,Unknown,M
Joe Dean,"['Bill Giduz', 'Joe Dean']",1.0,Unknown,M
Adam Griffin,"['Bill Giduz', 'Adam Griffin']",1.0,Unknown,M
Tom Sparough,"['Bill Giduz', 'Tom Sparough']",1.0,Unknown,M
Dan Fitzgerald,"['Bill Giduz', 'Dan Fitzgerald']",1.0,Unknown,M
Chuck Worrell,"['Bill Giduz', 'Chuck Worrell']",1.0,Unknown,M
Jane Birkhead,"['Bill Giduz', 'Jane Birkhead']",1.0,Unknown,F
Bob Neuman,"['Bill Giduz', 'Bob Neuman']",1.0,Unknown,M
Michelle Grossman,"['Bill Giduz', 'Michelle Grossman']",1.0,Unknown,F
Carol Mills,"['Bill Giduz', 'Carol Mills']",1.0,Unknown,F
John Zaleskie,"['Bill Giduz', 'John Zaleskie']",1.0,Unknown,M
Darren Samson,"['Bill Giduz', 'Darren Samson']",1.0,Unknown,M
John Phipps,"['Bill Giduz', 'John Phipps']",1.0,Unknown,M
Dave Finnigan,"['Bill Giduz', 'Dave Finnigan']",1.0,Unknown,M
Keith Tollefson,"['Bill Giduz', 'Keith Tollefson']",1.0,Unknown,M
Jack Levy,"['Bill Giduz', 'Andrew Swan', 'Jack Levy']",2.0,Unknown,M
Nick Hiniker,"['Bill Giduz', 'Andrew Swan', 'Nick Hiniker']",2.0,Unknown,M
Katie Evans,"['Bill Giduz', 'Jack Hirschowitz', 'Katie Evans']",2.0,Unknown,F
Griffin Kelley,"['Bill Giduz', 'Jack Hirschowitz', 'Griffin Kelley']",2.0,Unknown,M
Jeremy Stanley,"['Bill Giduz', 'Barry Goldmeier', 'Jeremy Stanley']",2.0,Unknown,M
Grace Boatman,"['Bill Giduz', 'Jack Hirschowitz', 'Grace Boatman']",2.0,Unknown,F
Brendan Cogan,"['Bill Giduz', 'Andrew Swan', 'Brendan Cogan']",2.0,Unknown,M
Alec Bennett,"['Bill Giduz', 'Andrew Swan', 'Alec Bennett']",2.0,Unknown,M
Sofia Meyer,"['Bill Giduz', 'Andrew Swan', 'Sofia Meyer']",2.0,Unknown,F
Megan Hussey,"['Bill Giduz', 'Jack Hirschowitz', 'Megan Hussey']",2.0,Unknown,F
Anna Gratzer,"['Bill Giduz', 'Jack Hirschowitz', 'Anna Gratzer']",2.0,Unknown,F
Mike DeSalvo,"['Bill Giduz', 'Jack Hirschowitz', 'Mike DeSalvo']",2.0,Unknown,M
Taylor Glenn,"['Bill Giduz', 'Andrew Swan', 'Taylor Glenn']",2.0,Unknown,F
Ty Evans,"['Bill Giduz', 'Jack Hirschowitz', 'Ty Evans']",2.0,Unknown,M
Michael Barreto,"['Bill Giduz', 'Jack Hirschowitz', 'Michael Barreto']",2.0,Unknown,M
Hannah Stoehr,"['Bill Giduz', 'Andrew Swan', 'Hannah Stoehr']",2.0,Unknown,F
Nicholas Eaton,"['Bill Giduz', 'Jack Hirschowitz', 'Nicholas Eaton']",2.0,Unknown,M
Danny Gratzer,"['Bill Giduz', 'Jack Hirschowitz', 'Danny Gratzer']",2.0,Unknown,M
Jonah Freed,"['Bill Giduz', 'Jack Hirschowitz', 'Jonah Freed']",2.0,Unknown,M
Chris Olson,"['Bill Giduz', 'Andrew Swan', 'Chris Olson']",2.0,Unknown,M
Sean Carney,"['Bill Giduz', 'Andrew Swan', 'Sean Carney']",2.0,Unknown,M
Dan Chan,"['Bill Giduz', 'Andrew Swan', 'Dan Chan']",2.0,Unknown,M
Neil Jordan,"['Bill Giduz', 'Andrew Swan', 'Neil Jordan']",2.0,Unknown,M
Justin Kolas,"['Bill Giduz', 'Andrew Swan', 'Justin Kolas']",2.0,Unknown,M
Greg Meehan,"['Bill Giduz', 'Andrew Swan', 'Greg Meehan']",2.0,Unknown,M
Evan Peter,"['Bill Giduz', 'Andrew Swan', 'Evan Peter']",2.0,Unknown,M
Chris Garcia,"['Bill Giduz', 'Andrew Swan', 'Chris Garcia']",2.0,Unknown,M
Dan Burke,"['Bill Giduz', 'Andrew Swan', 'Dan Burke']",2.0,Unknown,M
Jon Bozak,"['Bill Giduz', 'Andrew Swan', 'Jon Bozak']",2.0,Unknown,M
Gordon Cornell,"['Bill Giduz', 'Andrew Swan', 'Gordon Cornell']",2.0,Unknown,M
Lauge Benjaminson,"['Bill Giduz', 'Andrew Swan', 'Lauge Benjaminson']",2.0,Unknown,M
Mike Swan,"['Bill Giduz', 'Andrew Swan', 'Mike Swan']",2.0,Unknown,M
Tim Hark,"['Bill Giduz', 'Andrew Swan', 'Tim Hark']",2.0,Unknown,M
Charles Schweitzer,"['Bill Giduz', 'Ben Schoenberg', 'Charles Schweitzer']",2.0,USA,M
Dean Bennett,"['Bill Giduz', 'Andrew Swan', 'Dean Bennett']",2.0,Unknown,M
Gay Shope,"['Bill Giduz', 'Andrew Swan', 'Gay Shope']",2.0,Unknown,F
Chris Merra,"['Bill Giduz', 'Jack Hirschowitz', 'Chris Merra']",2.0,Unknown,M
Billy Watson,"['Bill Giduz', 'Andrew Swan', 'Billy Watson']",2.0,Unknown,M
Daniel Burke,"['Bill Giduz', 'Jack Hirschowitz', 'Daniel Burke']",2.0,Unknown,M
Joe Gould,"['Bill Giduz', 'Jack Hirschowitz', 'Joe Gould']",2.0,Unknown,M
Ricky Harr,"['Bill Giduz', 'Barry Goldmeier', 'Ricky Harr']",2.0,Unknown,M
Conor Hussey,"['Bill Giduz', 'Andrew Swan', 'Conor Hussey']",2.0,Unknown,M
David Ferman,"['Bill Giduz', 'Barry Goldmeier', 'David Ferman']",2.0,USA,M
Kevin Giblin,"['Bill Giduz', 'Andrew Swan', 'Kevin Giblin']",2.0,Unknown,M
Ryan Paul,"['Bill Giduz', 'Jack Hirschowitz', 'Ryan Paul']",2.0,Unknown,M
Neelraj Arjune,"['Bill Giduz', 'Albert Lucas', 'Neelraj Arjune']",2.0,Unknown,M
Keith McNeill,"['Bill Giduz', 'Albert Lucas', 'Keith McNeill']",2.0,Unknown,M
Chuck Ritzler,"['Bill Giduz', 'Albert Lucas', 'Chuck Ritzler']",2.0,Unknown,M
Scott Geyman,"['Bill Giduz', 'Albert Lucas', 'Scott Geyman']",2.0,Unknown,M
Hannah Bowlin,"['Bill Giduz', 'Albert Lucas', 'Hannah Bowlin']",2.0,Unknown,F
Rita Moettus,"['Bill Giduz', 'Albert Lucas', 'Rita Moettus']",2.0,Unknown,F
Maggie Armstrong,"['Bill Giduz', 'Albert Lucas', 'Maggie Armstrong']",2.0,Unknown,F
Chris Lovdal,"['Bill Giduz', 'Albert Lucas', 'Chris Lovdal']",2.0,Unknown,M
Erick Mori-Quimper,"['Bill Giduz', 'Albert Lucas', 'Erick Mori-Quimper']",2.0,Unknown,M
Danny Hodge,"['Bill Giduz', 'Albert Lucas', 'Danny Hodge']",2.0,Unknown,M
Derek Hahn,"['Bill Giduz', 'Albert Lucas', 'Derek Hahn']",2.0,Unknown,M
Chris Dokler,"['Bill Giduz', 'Albert Lucas', 'Chris Dokler']",2.0,Unknown,M
Nick Eaton,"['Bill Giduz', 'Albert Lucas', 'Nick Eaton']",2.0,Unknown,M
Peter Prokop,"['Bill Giduz', 'Albert Lucas', 'Peter Prokop']",2.0,Unknown,M
Laura Dickerson,"['Bill Giduz', 'Albert Lucas', 'Laura Dickerson']",2.0,Unknown,F
Alex Koren,"['Bill Giduz', 'Albert Lucas', 'Alex Koren']",2.0,Unknown,M
Reid Johnson,"['Bill Giduz', 'Albert Lucas', 'Reid Johnson']",2.0,Unknown,M
Michael Mazur,"['Bill Giduz', 'Albert Lucas', 'Michael Mazur']",2.0,Unknown,M
Joe Spicola,"['Bill Giduz', 'Albert Lucas', 'Joe Spicola']",2.0,Unknown,M
Dylan Waickman,"['Bill Giduz', 'Albert Lucas', 'Dylan Waickman']",2.0,Unknown,M
Graham Rowe,"['Bill Giduz', 'Albert Lucas', 'Graham Rowe']",2.0,Unknown,M
Peter Brunette,"['Bill Giduz', 'Jack Hirschowitz', 'Peter Brunette']",2.0,Unknown,M
Jacob Biesiada,"['Bill Giduz', 'Albert Lucas', 'Jacob Biesiada']",2.0,Unknown,M
Larry Schonhofen,"['Bill Giduz', 'Albert Lucas', 'Larry Schonhofen']",2.0,Unknown,M
Mara Moettus,"['Bill Giduz', 'Andrew Swan', 'Mara Moettus']",2.0,Unknown,F
Nathan Lane,"['Bill Giduz', 'Jack Hirschowitz', 'Nathan Lane']",2.0,Unknown,M
Sydney Paugh,"['Bill Giduz', 'Albert Lucas', 'Sydney Paugh']",2.0,Unknown,F
Andrew Ruiz,"['Bill Giduz', 'Andrew Swan', 'Andrew Ruiz']",2.0,Unknown,M
Daniel Rose,"['Bill Giduz', 'Barry Goldmeier', 'Daniel Rose']",2.0,Unknown,M
Colin Revere,"['Bill Giduz', 'Andrew Swan', 'Colin Revere']",2.0,Unknown,M
Dave Kadlec,"['Bill Giduz', 'Jack Hirschowitz', 'Dave Kadlec']",2.0,Unknown,M
Andrew Hodge,"['Bill Giduz', 'Andrew Swan', 'Andrew Hodge']",2.0,Unknown,M
David Mlakar,"['Bill Giduz', 'Andrew Swan', 'David Mlakar']",2.0,Unknown,M
Jason Matkowksi,"['Bill Giduz', 'Albert Lucas', 'Jason Matkowksi']",2.0,Unknown,M
Meagan Nouis,"['Bill Giduz', 'Andrew Swan', 'Meagan Nouis']",2.0,Unknown,F
Trish Evans,"['Bill Giduz', 'Jack Hirschowitz', 'Trish Evans']",2.0,USA,F
Joe Straitiff,"['Bill Giduz', 'Albert Lucas', 'Joe Straitiff']",2.0,Unknown,M
Colin Bevis,"['Bill Giduz', 'Albert Lucas', 'Colin Bevis']",2.0,Unknown,M
Josh Jarosz,"['Bill Giduz', 'Albert Lucas', 'Josh Jarosz']",2.0,Unknown,M
Joey Spicola,"['Bill Giduz', 'Albert Lucas', 'Joey Spicola']",2.0,Unknown,M
Sean Obrien,"['Bill Giduz', 'Albert Lucas', 'Sean Obrien']",2.0,Unknown,M
Elise Johnson,"['Bill Giduz', 'Albert Lucas', 'Elise Johnson']",2.0,Unknown,F
Jack Denger,"['Bill Giduz', 'Albert Lucas', 'Jack Denger']",2.0,Unknown,M
Zachary Turner,"['Bill Giduz', 'Albert Lucas', 'Zachary Turner']",2.0,Unknown,M
Jesse Joyner,"['Bill Giduz', 'Andrew Swan', 'Jesse Joyner']",2.0,USA,M
Sterling Franklin,"['Bill Giduz', 'Barry Goldmeier', 'Sterling Franklin']",2.0,USA,M
Dan Rosenthal,"['Bill Giduz', 'Ben Schoenberg', 'Dan Rosenthal']",2.0,Unknown,M
Peter Blanchard,"['Bill Giduz', 'Andrew Swan', 'Peter Blanchard']",2.0,Unknown,M
Eric Blaha,"['Bill Giduz', 'Ben Schoenberg', 'Eric Blaha']",2.0,Unknown,M
Joe Otonichar,"['Bill Giduz', 'Ben Schoenberg', 'Joe Otonichar']",2.0,Unknown,M
Nathan Seedfeldt,"['Bill Giduz', 'Barry Goldmeier', 'Nathan Seedfeldt']",2.0,Unknown,M
Timmy Boas,"['Bill Giduz', 'Barry Goldmeier', 'Timmy Boas']",2.0,Unknown,M
Chris Sutton,"['Bill Giduz', 'Barry Goldmeier', 'Chris Sutton']",2.0,Unknown,M
Rhonda Samkoff,"['Bill Giduz', 'Barry Goldmeier', 'Rhonda Samkoff']",2.0,Unknown,F
Dan Peterson,"['Bill Giduz', 'Barry Goldmeier', 'Dan Peterson']",2.0,Unknown,M
Nicholas Souren,"['Bill Giduz', 'Barry Goldmeier', 'Nicholas Souren']",2.0,Unknown,M
Zach Waickman,"['Bill Giduz', 'Barry Goldmeier', 'Zach Waickman']",2.0,Unknown,M
Geoff Kennard,"['Bill Giduz', 'Barry Goldmeier', 'Geoff Kennard']",2.0,Unknown,M
Jake Immerman,"['Bill Giduz', 'Barry Goldmeier', 'Jake Immerman']",2.0,Unknown,M
Vytas Vaitkus,"['Bill Giduz', 'Ben Schoenberg', 'Vytas Vaitkus']",2.0,Unknown,M
Chris Laco,"['Bill Giduz', 'Barry Goldmeier', 'Chris Laco']",2.0,Unknown,M
Ben Oldenburg,"['Bill Giduz', 'Ben Schoenberg', 'Ben Oldenburg']",2.0,Unknown,M
David Chandler,"['Bill Giduz', 'Ben Schoenberg', 'David Chandler']",2.0,Unknown,M
Matt Diffee,"['Bill Giduz', 'Ben Schoenberg', 'Matt Diffee']",2.0,Unknown,M
Peter Morris,"['Bill Giduz', 'Ben Schoenberg', 'Peter Morris']",2.0,Unknown,M
Billy Matsumoto,"['Bill Giduz', 'Ben Schoenberg', 'Billy Matsumoto']",2.0,Unknown,M
Carlos Nieves,"['Bill Giduz', 'Ben Schoenberg', 'Carlos Nieves']",2.0,Unknown,M
Gil Pontius,"['Bill Giduz', 'Barry Goldmeier', 'Gil Pontius']",2.0,Unknown,M
Bronwyn Neeser,"['Bill Giduz', 'Ben Schoenberg', 'Bronwyn Neeser']",2.0,Unknown,F
Gabe Jakubisin,"['Bill Giduz', 'Ben Schoenberg', 'Gabe Jakubisin']",2.0,Unknown,M
Dan Tasse,"['Bill Giduz', 'Ben Schoenberg', 'Dan Tasse']",2.0,Unknown,M
Nick Pavlak,"['Bill Giduz', 'Ben Schoenberg', 'Nick Pavlak']",2.0,Unknown,M
Sam Hartford,"['Bill Giduz', 'Barry Goldmeier', 'Sam Hartford']",2.0,Unknown,M
Cameron Ridder,"['Bill Giduz', 'Ben Schoenberg', 'Cameron Ridder']",2.0,Unknown,M
David Cruz,"['Bill Giduz', 'Ben Schoenberg', 'David Cruz']",2.0,Unknown,M
Pete Finger,"['Bill Giduz', 'Ben Schoenberg', 'Pete Finger']",2.0,Unknown,M
Shidan Habib,"['Bill Giduz', 'Billy Gillen', 'Shidan Habib']",2.0,Unknown,M
Paul Bernardo,"['Bill Giduz', 'Billy Gillen', 'Paul Bernardo']",2.0,Unknown,M
Yvon Tourigny,"['Bill Giduz', 'Billy Gillen', 'Yvon Tourigny']",2.0,Unknown,M
Jim Piaskowy,"['Bill Giduz', 'Albert Lucas', 'Jim Piaskowy']",2.0,Unknown,M
Clarke McFarlane,"['Bill Giduz', 'Tom Sparough', 'Clarke McFarlane']",2.0,Unknown,M
Todd McLeish,"['Bill Giduz', 'Tom Sparough', 'Todd McLeish']",2.0,Unknown,M
Eric Promislow,"['Bill Giduz', 'Albert Lucas', 'Eric Promislow']",2.0,Unknown,M
Sarah Breckenridge,"['Bill Giduz', 'Albert Lucas', 'Sarah Breckenridge']",2.0,Unknown,F
John Ellwanger,"['Bill Giduz', 'Albert Lucas', 'John Ellwanger']",2.0,Unknown,M
Steve Wilson,"['Bill Giduz', 'Albert Lucas', 'Steve Wilson']",2.0,Unknown,M
Tina Fraser,"['Bill Giduz', 'Albert Lucas', 'Tina Fraser']",2.0,Unknown,F
Robert Slick,"['Bill Giduz', 'Barry Goldmeier', 'Robert Slick']",2.0,Unknown,M
Mark Branner,"['Bill Giduz', 'Barry Goldmeier', 'Mark Branner']",2.0,Unknown,M
Christa Rypins,"['Bill Giduz', 'Barry Goldmeier', 'Christa Rypins']",2.0,Unknown,F
Simon George,"['Bill Giduz', 'Barry Goldmeier', 'Simon George']",2.0,Unknown,M
Mark Cembrowski,"['Bill Giduz', 'Barry Goldmeier', 'Mark Cembrowski']",2.0,Unknown,M
Joshua Edleman,"['Bill Giduz', 'Barry Goldmeier', 'Joshua Edleman']",2.0,Unknown,M
Jaye Butler,"['Bill Giduz', 'Barry Goldmeier', 'Jaye Butler']",2.0,Unknown,F
Jonathan Hartford,"['Bill Giduz', 'Ben Schoenberg', 'Jonathan Hartford']",2.0,Unknown,M
Steve Caruso,"['Bill Giduz', 'Ben Schoenberg', 'Steve Caruso']",2.0,Unknown,M
Amy Barnes,"['Bill Giduz', 'Ben Schoenberg', 'Amy Barnes']",2.0,Unknown,F
Mike Gracie,"['Bill Giduz', 'Ben Schoenberg', 'Mike Gracie']",2.0,Unknown,M
J Butler,"['Bill Giduz', 'Ben Schoenberg', 'J Butler']",2.0,Unknown,
Glen Ritter,"['Bill Giduz', 'Ben Schoenberg', 'Glen Ritter']",2.0,Unknown,M
Jon Poppele,"['Bill Giduz', 'Ben Schoenberg', 'Jon Poppele']",2.0,Unknown,M
Elliot Royce,"['Bill Giduz', 'Ben Schoenberg', 'Elliot Royce']",2.0,Unknown,M
Matt Gifford,"['Bill Giduz', 'Andrew Swan', 'Matt Gifford']",2.0,Unknown,M
Joy Dean,"['Bill Giduz', 'Ben Schoenberg', 'Joy Dean']",2.0,Unknown,F
Rebecca Middleton,"['Bill Giduz', 'Ben Schoenberg', 'Rebecca Middleton']",2.0,Unknown,F
Nicole Deese,"['Bill Giduz', 'Barry Goldmeier', 'Nicole Deese']",2.0,Unknown,F
Matt Hall,"['Bill Giduz', 'Barry Goldmeier', 'Matt Hall']",2.0,Unknown,M
Nathan Vehse,"['Bill Giduz', 'Barry Goldmeier', 'Nathan Vehse']",2.0,Unknown,M
Danny Tomaro,"['Bill Giduz', 'Barry Goldmeier', 'Danny Tomaro']",2.0,Unknown,M
Ron Zeszut,"['Bill Giduz', 'Andrew Swan', 'Ron Zeszut']",2.0,Unknown,M
Matt Baum,"['Bill Giduz', 'Andrew Swan', 'Matt Baum']",2.0,Unknown,M
Tao Wei,"['Bill Giduz', 'Andrew Swan', 'Tao Wei']",2.0,Unknown,M
Nathan Biggs-Penton,"['Bill Giduz', 'Andrew Swan', 'Nathan Biggs-Penton']",2.0,Unknown,M
Gus Tate,"['Bill Giduz', 'Andrew Swan', 'Gus Tate']",2.0,USA,M
Mike Monson,"['Bill Giduz', 'Ben Schoenberg', 'Mike Monson']",2.0,Unknown,M
Chris Essick,"['Bill Giduz', 'Barry Goldmeier', 'Chris Essick']",2.0,Unknown,M
Ethan Rosman,"['Bill Giduz', 'Barry Goldmeier', 'Ethan Rosman']",2.0,Unknown,M
John Clayton,"['Bill Giduz', 'Andrew Swan', 'John Clayton']",2.0,Unknown,M
Kurt Siefken,"['Bill Giduz', 'Andrew Swan', 'Kurt Siefken']",2.0,Unknown,M
Lee Gifford,"['Bill Giduz', 'Andrew Swan', 'Lee Gifford']",2.0,Unknown,M
Stephanie Walsh,"['Bill Giduz', 'Andrew Swan', 'Stephanie Walsh']",2.0,Unknown,F
Silas Wallen-Friedman,"['Bill Giduz', 'Ben Schoenberg', 'Silas Wallen-Friedman']",2.0,Unknown,M
Chloe Hirschowitz,"['Bill Giduz', 'Barry Goldmeier', 'Chloe Hirschowitz']",2.0,USA,F
Quentin Dombro,"['Bill Giduz', 'Andrew Swan', 'Quentin Dombro']",2.0,Unknown,M
Kelsey Harr,"['Bill Giduz', 'Andrew Swan', 'Kelsey Harr']",2.0,Unknown,F
Laura Ernst,"['Bill Giduz', 'Andrew Swan', 'Laura Ernst']",2.0,Unknown,F
Daniel Eaker,"['Bill Giduz', 'Andrew Swan', 'Daniel Eaker']",2.0,Unknown,M
Austin Bruckner,"['Bill Giduz', 'Andrew Swan', 'Austin Bruckner']",2.0,Unknown,M
Amanda Richter,"['Bill Giduz', 'Barry Goldmeier', 'Amanda Richter']",2.0,Unknown,F
Hannah Staohr,"['Bill Giduz', 'Andrew Swan', 'Hannah Staohr']",2.0,Unknown,
Ryan Schultz,"['Bill Giduz', 'Barry Goldmeier', 'Ryan Schultz']",2.0,Unknown,M
Greg Warrington,"['Bill Giduz', 'Barry Goldmeier', 'Greg Warrington']",2.0,Unknown,M
Liana McClintock,"['Bill Giduz', 'Barry Goldmeier', 'Liana McClintock']",2.0,Unknown,F
Brendan McCarthy,"['Bill Giduz', 'Ben Schoenberg', 'Brendan McCarthy']",2.0,Unknown,M
Todd Warner,"['Bill Giduz', 'Ben Schoenberg', 'Todd Warner']",2.0,Unknown,M
Ben Hestness,"['Bill Giduz', 'Ben Schoenberg', 'Ben Hestness']",2.0,Unknown,M
Rory Bade,"['Bill Giduz', 'Andrew Swan', 'Rory Bade']",2.0,Unknown,M
Phillip Garee,"['Bill Giduz', 'Ben Schoenberg', 'Phillip Garee']",2.0,Unknown,M
Roy Fisher,"['Bill Giduz', 'Ben Schoenberg', 'Roy Fisher']",2.0,Unknown,M
Kevin Beargie,"['Bill Giduz', 'Ben Schoenberg', 'Kevin Beargie']",2.0,Unknown,M
Bernard Dehoog,"['Bill Giduz', 'Ben Schoenberg', 'Bernard Dehoog']",2.0,Unknown,M
Tosch Roy,"['Bill Giduz', 'Andrew Swan', 'Tosch Roy']",2.0,Unknown,M
Muffy Roy,"['Bill Giduz', 'Barry Goldmeier', 'Muffy Roy']",2.0,Unknown,F
Kyle Barrett,"['Bill Giduz', 'Andrew Swan', 'Kyle Barrett']",2.0,Unknown,M
Zoe Roy,"['Bill Giduz', 'Barry Goldmeier', 'Zoe Roy']",2.0,Unknown,F
Aubree Kolas,"['Bill Giduz', 'Andrew Swan', 'Aubree Kolas']",2.0,Unknown,F
Lauren Rice,"['Bill Giduz', 'Andrew Swan', 'Lauren Rice']",2.0,Unknown,F
Jonny Langholz,"['Bill Giduz', 'Ben Schoenberg', 'Jonny Langholz']",2.0,Unknown,M
Colin Kulstad,"['Bill Giduz', 'Andrew Swan', 'Colin Kulstad']",2.0,Unknown,M
Marco Paoletti,"['Bill Giduz', 'Andrew Swan', 'Marco Paoletti']",2.0,Unknown,M
Sam Nerenhaus,"['Bill Giduz', 'Andrew Swan', 'Sam Nerenhaus']",2.0,Unknown,M
Riley Wiklund,"['Bill Giduz', 'Andrew Swan', 'Riley Wiklund']",2.0,Unknown,M
Trey Newsome,"['Bill Giduz', 'Ben Schoenberg', 'Trey Newsome']",2.0,Unknown,M
Andrew Perrin,"['Bill Giduz', 'Barry Goldmeier', 'Andrew Perrin']",2.0,Unknown,M
Tim Mauk,"['Bill Giduz', 'Barry Goldmeier', 'Tim Mauk']",2.0,Unknown,M
Broderick King,"['Bill Giduz', 'Barry Goldmeier', 'Broderick King']",2.0,Unknown,M
Brett Kissell,"['Bill Giduz', 'Barry Goldmeier', 'Brett Kissell']",2.0,Unknown,M
Sophia Rosman,"['Bill Giduz', 'Barry Goldmeier', 'Sophia Rosman']",2.0,Unknown,F
Alex Coleman,"['Bill Giduz', 'Ben Schoenberg', 'Alex Coleman']",2.0,Unknown,M
Joe Salter,"['Bill Giduz', 'Barry Goldmeier', 'Joe Salter']",2.0,USA,M
Christoph Mitasch,"['Bill Giduz', 'Barry Goldmeier', 'Christoph Mitasch']",2.0,Unknown,M
Josh Dibbin,"['Bill Giduz', 'Barry Goldmeier', 'Josh Dibbin']",2.0,Unknown,M
Tony Malikowski,"['Bill Giduz', 'Barry Goldmeier', 'Tony Malikowski']",2.0,USA,M
Isaac Cantor,"['Bill Giduz', 'Barry Goldmeier', 'Isaac Cantor']",2.0,Unknown,M
Peter Holmquist,"['Bill Giduz', 'Barry Goldmeier', 'Peter Holmquist']",2.0,Unknown,M
Garrett Borawski,"['Bill Giduz', 'Barry Goldmeier', 'Garrett Borawski']",2.0,Unknown,M
Martin Hiti,"['Bill Giduz', 'Barry Goldmeier', 'Martin Hiti']",2.0,Unknown,M
Ben Fry,"['Bill Giduz', 'Barry Goldmeier', 'Ben Fry']",2.0,Unknown,M
Jared Ashton,"['Bill Giduz', 'Barry Goldmeier', 'Jared Ashton']",2.0,Unknown,M
Matthew Feldman,"['Bill Giduz', 'Barry Goldmeier', 'Matthew Feldman']",2.0,USA,M
Bryan Harris,"['Bill Giduz', 'Barry Goldmeier', 'Bryan Harris']",2.0,Unknown,M
Vincent Kaseman,"['Bill Giduz', 'Barry Goldmeier', 'Vincent Kaseman']",2.0,Unknown,M
Tyler Wishau,"['Bill Giduz', 'Andrew Swan', 'Tyler Wishau']",2.0,USA,M
Richard Ross,"['Bill Giduz', 'Jack Hirschowitz', 'Richard Ross']",2.0,USA,M
Joanne Ireland,"['Bill Giduz', 'Barry Goldmeier', 'Joanne Ireland']",2.0,Unknown,F
Eric Walter,"['Bill Giduz', 'Barry Goldmeier', 'Eric Walter']",2.0,Unknown,M
Adam Hellman,"['Bill Giduz', 'Barry Goldmeier', 'Adam Hellman']",2.0,Unknown,M
Nestor Sokhan,"['Bill Giduz', 'Barry Goldmeier', 'Nestor Sokhan']",2.0,Unknown,M
Shane Kaseman,"['Bill Giduz', 'Barry Goldmeier', 'Shane Kaseman']",2.0,Unknown,M
Daniel James,"['Bill Giduz', 'Barry Goldmeier', 'Daniel James']",2.0,Unknown,M
Len Ferman,"['Bill Giduz', 'Barry Goldmeier', 'Len Ferman']",2.0,USA,M
Owen Gerba,"['Bill Giduz', 'Barry Goldmeier', 'Owen Gerba']",2.0,Unknown,M
Torrey Hamilton,"['Bill Giduz', 'Jack Hirschowitz', 'Torrey Hamilton']",2.0,Unknown,M
Anthony Zeszut,"['Bill Giduz', 'Barry Goldmeier', 'Anthony Zeszut']",2.0,Unknown,M
Ely Doan,"['Bill Giduz', 'Barry Goldmeier', 'Ely Doan']",2.0,Unknown,M
Mark Devlin,"['Bill Giduz', 'Barry Goldmeier', 'Mark Devlin']",2.0,Unknown,M
Nathan Wakefield,"['Bill Giduz', 'Barry Goldmeier', 'Nathan Wakefield']",2.0,Unknown,M
Patrick Russell,"['Bill Giduz', 'Barry Goldmeier', 'Patrick Russell']",2.0,Unknown,M
Gerry Daher,"['Bill Giduz', 'Barry Goldmeier', 'Gerry Daher']",2.0,Unknown,M
Elizabeth Stockbridge,"['Bill Giduz', 'Jack Hirschowitz', 'Elizabeth Stockbridge']",2.0,Unknown,F
Mike Patsch,"['Bill Giduz', 'Jack Hirschowitz', 'Mike Patsch']",2.0,Unknown,M
Benett Santora,"['Bill Giduz', 'Jack Hirschowitz', 'Benett Santora']",2.0,Unknown,M
Rebecca Moore,"['Bill Giduz', 'Jack Hirschowitz', 'Rebecca Moore']",2.0,Unknown,F
Eva Hadjiyanis,"['Bill Giduz', 'Jack Hirschowitz', 'Eva Hadjiyanis']",2.0,Unknown,F
Nick Pisanelli,"['Bill Giduz', 'Jack Hirschowitz', 'Nick Pisanelli']",2.0,Unknown,M
Kirt Albrecht,"['Bill Giduz', 'Barry Goldmeier', 'Kirt Albrecht']",2.0,Unknown,M
Shivella Schwab,"['Bill Giduz', 'Jack Hirschowitz', 'Shivella Schwab']",2.0,Unknown,F
Caleb Black,"['Bill Giduz', 'Barry Goldmeier', 'Caleb Black']",2.0,Unknown,M
Raphael Harris,"['Bill Giduz', 'Jack Hirschowitz', 'Raphael Harris']",2.0,Unknown,M
Laura Schroeder,"['Bill Giduz', 'Barry Goldmeier', 'Laura Schroeder']",2.0,Unknown,F
Kayla Malmgren,"['Bill Giduz', 'Jack Hirschowitz', 'Kayla Malmgren']",2.0,Unknown,F
Terry Odom,"['Bill Giduz', 'Barry Goldmeier', 'Terry Odom']",2.0,USA,M
Markus Furtner,"['Bill Giduz', 'Andrew Swan', 'Markus Furtner']",2.0,DEU,M
Anton Chainwalker,"['Bill Giduz', 'Barry Goldmeier', 'Anton Chainwalker']",2.0,Unknown,M
Katie burgess,"['Bill Giduz', 'Barry Goldmeier', 'Katie burgess']",2.0,Unknown,F
Andy Shue,"['Bill Giduz', 'Barry Goldmeier', 'Andy Shue']",2.0,Unknown,M
Michael Yoon,"['Bill Giduz', 'Jack Hirschowitz', 'Michael Yoon']",2.0,Unknown,M
Jason Noyes,"['Bill Giduz', 'Jack Hirschowitz', 'Jason Noyes']",2.0,Unknown,M
Laura Kaseman,"['Bill Giduz', 'Barry Goldmeier', 'Laura Kaseman']",2.0,Unknown,F
Kyle Albrecht,"['Bill Giduz', 'Barry Goldmeier', 'Kyle Albrecht']",2.0,Unknown,M
Laura Shub,"['Bill Giduz', 'Jack Hirschowitz', 'Laura Shub']",2.0,Unknown,F
Delaney Bayles,"['Bill Giduz', 'Barry Goldmeier', 'Delaney Bayles']",2.0,Unknown,F
Kaylin Meyers,"['Bill Giduz', 'Jack Hirschowitz', 'Kaylin Meyers']",2.0,USA,F
Daniel Raum,"['Bill Giduz', 'Barry Goldmeier', 'Daniel Raum']",2.0,AUT,M
Perry Romanowski,"['Bill Giduz', 'Barry Goldmeier', 'Perry Romanowski']",2.0,USA,M
Michael-Lucien Bergeron,"['Bill Giduz', 'Barry Goldmeier', 'Michael-Lucien Bergeron']",2.0,CAN,M
Summer Cooper,"['Bill Giduz', 'Jack Hirschowitz', 'Summer Cooper']",2.0,Unknown,F
Jackie Erickson,"['Bill Giduz', 'Jack Hirschowitz', 'Jackie Erickson']",2.0,Unknown,M
Sarah Kresser,"['Bill Giduz', 'Barry Goldmeier', 'Sarah Kresser']",2.0,Unknown,F
Kanoa Lindiwe,"['Bill Giduz', 'Jack Hirschowitz', 'Kanoa Lindiwe']",2.0,Unknown,M
Riley McLincha,"['Bill Giduz', 'Barry Goldmeier', 'Riley McLincha']",2.0,USA,M
Becky Kresser,"['Bill Giduz', 'Barry Goldmeier', 'Becky Kresser']",2.0,Unknown,F
James Auriemma,"['Bill Giduz', 'Jack Hirschowitz', 'James Auriemma']",2.0,Unknown,M
Harry Rosenberg,"['Bill Giduz', 'Jack Hirschowitz', 'Harry Rosenberg']",2.0,Unknown,M
Kaylyn Schull,"['Bill Giduz', 'Jack Hirschowitz', 'Kaylyn Schull']",2.0,Unknown,F
JoAnn Ireland,"['Bill Giduz', 'Barry Goldmeier', 'JoAnn Ireland']",2.0,USA,F
Torsten Hornemann,"['Bill Giduz', 'Jack Hirschowitz', 'Torsten Hornemann']",2.0,Unknown,M
Rain Pierce,"['Bill Giduz', 'Jack Hirschowitz', 'Rain Pierce']",2.0,Unknown,M
Aaron Rosenberg,"['Bill Giduz', 'Barry Goldmeier', 'Aaron Rosenberg']",2.0,Unknown,M
Jared Janssen,"['Bill Giduz', 'Jack Hirschowitz', 'Jared Janssen']",2.0,Unknown,M
Kyle Guibord,"['Bill Giduz', 'Jack Hirschowitz', 'Kyle Guibord']",2.0,Unknown,M
Mark Jolin,"['Bill Giduz', 'Barry Goldmeier', 'Mark Jolin']",2.0,Unknown,M
Justin Sheldon,"['Bill Giduz', 'Jack Hirschowitz', 'Justin Sheldon']",2.0,Unknown,M
Mikey Free,"['Bill Giduz', 'Jack Hirschowitz', 'Mikey Free']",2.0,Unknown,M
Joshua Black,"['Bill Giduz', 'Barry Goldmeier', 'Joshua Black']",2.0,Unknown,M
Gabrielle Foran,"['Bill Giduz', 'Barry Goldmeier', 'Gabrielle Foran']",2.0,CAN,F
Barak Hirschowitz,"['Bill Giduz', 'Jack Hirschowitz', 'Barak Hirschowitz']",2.0,USA,M
David Pavlove Cunsolo,"['Bill Giduz', 'Barry Goldmeier', 'David Pavlove Cunsolo']",2.0,Unknown,M
Eric Raivo,"['Bill Giduz', 'Jack Hirschowitz', 'Eric Raivo']",2.0,Unknown,M
Izaak Jolin,"['Bill Giduz', 'Barry Goldmeier', 'Izaak Jolin']",2.0,Unknown,M
Craig Muhlenkamp,"['Bill Giduz', 'Barry Goldmeier', 'Craig Muhlenkamp']",2.0,USA,M
Mike Moore,"['Bill Giduz', 'Barry Goldmeier', 'Mike Moore']",2.0,USA,M
Nicolas Souren,"['Bill Giduz', 'Barry Goldmeier', 'Nicolas Souren']",2.0,Unknown,M
Zoe Prawda,"['Bill Giduz', 'Jack Hirschowitz', 'Zoe Prawda']",2.0,USA,F
Bennett Santora,"['Bill Giduz', 'Barry Goldmeier', 'Bennett Santora']",2.0,Unknown,M
Katie Burgess,"['Bill Giduz', 'Barry Goldmeier', 'Katie Burgess']",2.0,Unknown,F
Meggie Mariah,"['Bill Giduz', 'Jack Hirschowitz', 'Meggie Mariah']",2.0,Unknown,F
Aaron Heilig,"['Bill Giduz', 'Jack Hirschowitz', 'Aaron Heilig']",2.0,Unknown,M
Samuel Dean,"['Bill Giduz', 'Jack Hirschowitz', 'Samuel Dean']",2.0,USA,M
Jonathan Abbott,"['Bill Giduz', 'Jack Hirschowitz', 'Jonathan Abbott']",2.0,Unknown,M
Nathan Nard,"['Bill Giduz', 'Jack Hirschowitz', 'Nathan Nard']",2.0,Unknown,M
Aaron Scott,"['Bill Giduz', 'Barry Goldmeier', 'Aaron Scott']",2.0,USA,M
Mark Fiore,"['Bill Giduz', 'Barry Goldmeier', 'Mark Fiore']",2.0,USA,M
Jacob Heimer,"['Bill Giduz', 'Barry Goldmeier', 'Jacob Heimer']",2.0,Unknown,M
Draco Tong,"['Bill Giduz', 'Jack Hirschowitz', 'Draco Tong']",2.0,Unknown,M
Craig Wise,"['Bill Giduz', 'Jack Hirschowitz', 'Craig Wise']",2.0,Unknown,M
Carter Randall,"['Bill Giduz', 'Jack Hirschowitz', 'Carter Randall']",2.0,Unknown,M
Bob Evans,"['Bill Giduz', 'Jack Hirschowitz', 'Bob Evans']",2.0,USA,M
Mary Geeves,"['Bill Giduz', 'Barry Goldmeier', 'Mary Geeves']",2.0,Unknown,F
Cole Dunbar,"['Bill Giduz', 'Barry Goldmeier', 'Cole Dunbar']",2.0,Unknown,M
Dominic DiMarro,"['Bill Giduz', 'Barry Goldmeier', 'Dominic DiMarro']",2.0,Unknown,M
Seamus Whitford,"['Bill Giduz', 'Barry Goldmeier', 'Seamus Whitford']",2.0,Unknown,M
Nick Showman,"['Bill Giduz', 'Barry Goldmeier', 'Nick Showman']",2.0,Unknown,M
Maddie Rodbourne,"['Bill Giduz', 'Barry Goldmeier', 'Maddie Rodbourne']",2.0,Unknown,F
Sarah Earl,"['Bill Giduz', 'Barry Goldmeier', 'Sarah Earl']",2.0,Unknown,F
Bryce Polito,"['Bill Giduz', 'Barry Goldmeier', 'Bryce Polito']",2.0,Unknown,M
Nicholas Tackis,"['Bill Giduz', 'Barry Goldmeier', 'Nicholas Tackis']",2.0,Unknown,M
Johan DuHoffman,"['Bill Giduz', 'Barry Goldmeier', 'Johan DuHoffman']",2.0,Unknown,M
Riga Moettus,"['Bill Giduz', 'Barry Goldmeier', 'Riga Moettus']",2.0,Unknown,F
Nick Deboom,"['Bill Giduz', 'Barry Goldmeier', 'Nick Deboom']",2.0,Unknown,M
Daniel Van Hoomissen,"['Bill Giduz', 'Barry Goldmeier', 'Daniel Van Hoomissen']",2.0,Unknown,M
Bryan Nguyen,"['Bill Giduz', 'Barry Goldmeier', 'Bryan Nguyen']",2.0,Unknown,M
Jamie Cordes,"['Bill Giduz', 'Barry Goldmeier', 'Jamie Cordes']",2.0,Unknown,M
Brendan McGreal,"['Bill Giduz', 'Barry Goldmeier', 'Brendan McGreal']",2.0,Unknown,M
Ryan Gerrity,"['Bill Giduz', 'Barry Goldmeier', 'Ryan Gerrity']",2.0,Unknown,M
Daniel van Hoomissen,"['Bill Giduz', 'Barry Goldmeier', 'Daniel van Hoomissen']",2.0,Unknown,M
Cooper Williams,"['Bill Giduz', 'Jack Hirschowitz', 'Cooper Williams']",2.0,Unknown,M
Stevan Clipson,"['Bill Giduz', 'Jack Hirschowitz', 'Stevan Clipson']",2.0,Unknown,M
Alayna Bowlin,"['Bill Giduz', 'Albert Lucas', 'Alayna Bowlin']",2.0,Unknown,F
Susan Hubbard,"['Bill Giduz', 'Jack Hirschowitz', 'Susan Hubbard']",2.0,Unknown,F
Elizabeth Cain,"['Bill Giduz', 'Jack Hirschowitz', 'Elizabeth Cain']",2.0,Unknown,F
Steven Karschnia,"['Bill Giduz', 'Jack Hirschowitz', 'Steven Karschnia']",2.0,Unknown,M
Eric Gunther,"['Bill Giduz', 'Barry Goldmeier', 'Eric Gunther']",2.0,Unknown,M
Tom McClintock,"['Bill Giduz', 'Barry Goldmeier', 'Tom McClintock']",2.0,Unknown,M
Jason Hollandsworth,"['Bill Giduz', 'Andrew Swan', 'Jason Hollandsworth']",2.0,Unknown,M
Anders Kierulf,"['Bill Giduz', 'Barry Goldmeier', 'Anders Kierulf']",2.0,Unknown,M
Kyler McClintock,"['Bill Giduz', 'Barry Goldmeier', 'Kyler McClintock']",2.0,Unknown,M
Roni Lynn,"['Bill Giduz', 'Barry Goldmeier', 'Roni Lynn']",2.0,Unknown,F
Andrea Goranson,"['Bill Giduz', 'Barry Goldmeier', 'Andrea Goranson']",2.0,Unknown,F
Jeri Kalvan,"['Bill Giduz', 'Barry Goldmeier', 'Jeri Kalvan']",2.0,Unknown,F
Samuel Karschnia,"['Bill Giduz', 'Jack Hirschowitz', 'Samuel Karschnia']",2.0,Unknown,M
Mark Furniss,"['Bill Giduz', 'Barry Goldmeier', 'Mark Furniss']",2.0,Unknown,M
Alda Moettus,"['Bill Giduz', 'Barry Goldmeier', 'Alda Moettus']",2.0,Unknown,F
Matan Presberg,"['Bill Giduz', 'Barry Goldmeier', 'Matan Presberg']",2.0,Unknown,M
Jeff Lutkus,"['Bill Giduz', 'Heather Marriott', 'Jeff Lutkus']",2.0,USA,M
Neil Jordaan,"['Bill Giduz', 'Jack Hirschowitz', 'Neil Jordaan']",2.0,Unknown,M
Peter Hedberg,"['Bill Giduz', 'Barry Goldmeier', 'Peter Hedberg']",2.0,Unknown,M
Adam Eckman,"['Bill Giduz', 'Barry Goldmeier', 'Adam Eckman']",2.0,Unknown,M
Matt Bagley,"['Bill Giduz', 'Heather Marriott', 'Matt Bagley']",2.0,Unknown,M
Robert D'Amours,"['Bill Giduz', 'Heather Marriott', ""Robert D'Amours""]",2.0,Unknown,M
Teresa Rochester,"['Bill Giduz', 'Heather Marriott', 'Teresa Rochester']",2.0,Unknown,F
Scott Randall,"['Bill Giduz', 'Jack Hirschowitz', 'Scott Randall']",2.0,Unknown,M
Ben Thompson,"['Bill Giduz', 'Barry Goldmeier', 'Ben Thompson']",2.0,Unknown,M
Sarah Williams,"['Bill Giduz', 'Jack Hirschowitz', 'Sarah Williams']",2.0,Unknown,F
Derek Holm,"['Bill Giduz', 'Barry Goldmeier', 'Derek Holm']",2.0,Unknown,M
Eric Reinhart,"['Bill Giduz', 'Barry Goldmeier', 'Eric Reinhart']",2.0,Unknown,M
Nick Thomas,"['Bill Giduz', 'Barry Goldmeier', 'Nick Thomas']",2.0,Unknown,M
Jay Casper,"['Bill Giduz', 'Barry Goldmeier', 'Jay Casper']",2.0,Unknown,M
Max Schlech,"['Bill Giduz', 'Barry Goldmeier', 'Max Schlech']",2.0,Unknown,M
Christopher van Hoomissen,"['Bill Giduz', 'Barry Goldmeier', 'Christopher van Hoomissen']",2.0,Unknown,M
Erik Rain,"['Bill Giduz', 'Jack Hirschowitz', 'Erik Rain']",2.0,Unknown,M
Jonah Botinick-Greenhouse,"['Bill Giduz', 'Barry Goldmeier', 'Jonah Botinick-Greenhouse']",2.0,Unknown,M
Kyle Hahn,"['Bill Giduz', 'Barry Goldmeier', 'Kyle Hahn']",2.0,Unknown,M
Jean-Guy Beaudry,"['Bill Giduz', 'Barry Goldmeier', 'Jean-Guy Beaudry']",2.0,Unknown,M
Ian O'Donnell,"['Bill Giduz', 'Barry Goldmeier', ""Ian O'Donnell""]",2.0,Unknown,M
Shahar Cohen,"['Bill Giduz', 'Jack Hirschowitz', 'Shahar Cohen']",2.0,ISR,M
Brook Roberts,"['Bill Giduz', 'Andrew Swan', 'Markus Furtner', 'Brook Roberts']",3.0,GBR,M
Emanuele Lodigiani,"['Bill Giduz', 'Andrew Swan', 'Markus Furtner', 'Emanuele Lodigiani']",3.0,ITA,M
kaupo Pilder,"['Bill Giduz', 'Andrew Swan', 'Markus Furtner', 'kaupo Pilder']",3.0,EST,M
Rimon Cahany,"['Bill Giduz', 'Andrew Swan', 'Markus Furtner', 'Rimon Cahany']",3.0,ISR,M
Fabian Fehlhaber,"['Bill Giduz', 'Andrew Swan', 'Markus Furtner', 'Fabian Fehlhaber']",3.0,DEU,M
Yaron Davidovich,"['Bill Giduz', 'Andrew Swan', 'Markus Furtner', 'Yaron Davidovich']",3.0,ISR,M
Simon Herholz,"['Bill Giduz', 'Andrew Swan', 'Markus Furtner', 'Simon Herholz']",3.0,DEU,M
Karel Schuller,"['Bill Giduz', 'Andrew Swan', 'Markus Furtner', 'Karel Schuller']",3.0,NLD,M
Tanja Schwanke,"['Bill Giduz', 'Andrew Swan', 'Markus Furtner', 'Tanja Schwanke']",3.0,DEU,F
Gregor Straub,"['Bill Giduz', 'Andrew Swan', 'Markus Furtner', 'Gregor Straub']",3.0,DEU,M
Florian Huber,"['Bill Giduz', 'Andrew Swan', 'Markus Furtner', 'Florian Huber']",3.0,DEU,M
Veronika Rieckh,"['Bill Giduz', 'Andrew Swan', 'Markus Furtner', 'Veronika Rieckh']",3.0,AUT,F
Louison Vatin,"['Bill Giduz', 'Andrew Swan', 'Markus Furtner', 'Louison Vatin']",3.0,FRA,F
Tilman Kortenhaus,"['Bill Giduz', 'Andrew Swan', 'Markus Furtner', 'Tilman Kortenhaus']",3.0,DEU,M
Marcus Pullman,"['Bill Giduz', 'Jack Hirschowitz', 'Zoe Prawda', 'Marcus Pullman']",3.0,USA,M
Sebastian Siwiec,"['Bill Giduz', 'Andrew Swan', 'Markus Furtner', 'Sebastian Siwiec']",3.0,POL,M
Alexander Armbruster,"['Bill Giduz', 'Andrew Swan', 'Markus Furtner', 'Alexander Armbruster']",3.0,DEU,M
Iunya Inoue,"['Bill Giduz', 'Andrew Swan', 'Markus Furtner', 'Iunya Inoue']",3.0,JPN,M
Juliane de Vries,"['Bill Giduz', 'Andrew Swan', 'Markus Furtner', 'Juliane de Vries']",3.0,DEU,F
Ting-En Chang,"['Bill Giduz', 'Andrew Swan', 'Markus Furtner', 'Ting-En Chang']",3.0,TWN,M
Tsung-Yi Ma,"['Bill Giduz', 'Andrew Swan', 'Markus Furtner', 'Tsung-Yi Ma']",3.0,TWN,M
Martin Bartsch,"['Bill Giduz', 'Andrew Swan', 'Markus Furtner', 'Martin Bartsch']",3.0,DEU,M
Vaclav Peca,"['Bill Giduz', 'Andrew Swan', 'Markus Furtner', 'Vaclav Peca']",3.0,CZE,M
Ilia Poliakov,"['Bill Giduz', 'Andrew Swan', 'Markus Furtner', 'Ilia Poliakov']",3.0,ISR,M
Eyal Bor,"['Bill Giduz', 'Andrew Swan', 'Markus Furtner', 'Eyal Bor']",3.0,MEX,M
Malthe Jerup Ostergaard,"['Bill Giduz', 'Andrew Swan', 'Markus Furtner', 'Malthe Jerup Ostergaard']",3.0,DNK,M
Verena Rau,"['Bill Giduz', 'Andrew Swan', 'Markus Furtner', 'Verena Rau']",3.0,DEU,F
Anna Kruk,"['Bill Giduz', 'Andrew Swan', 'Markus Furtner', 'Anna Kruk']",3.0,POL,F
Nicolas Fuchs,"['Bill Giduz', 'Andrew Swan', 'Markus Furtner', 'Nicolas Fuchs']",3.0,DEU,M
Artur Witek,"['Bill Giduz', 'Andrew Swan', 'Markus Furtner', 'Artur Witek']",3.0,POL,M
Eden Katsir,"['Bill Giduz', 'Andrew Swan', 'Markus Furtner', 'Eden Katsir']",3.0,IRL,M
Eden Katsir,"['Bill Giduz', 'Andrew Swan', 'Markus Furtner', 'Eden Katsir']",3.0,ISR,M
Jheng-Yu Chiu,"['Bill Giduz', 'Andrew Swan', 'Markus Furtner', 'Jheng-Yu Chiu']",3.0,TWN,M
Marcel Jaworski,"['Bill Giduz', 'Andrew Swan', 'Markus Furtner', 'Marcel Jaworski']",3.0,VEN,M
Christina-Anna Senser,"['Bill Giduz', 'Andrew Swan', 'Markus Furtner', 'Christina-Anna Senser']",3.0,DEU,F
Maximillian Gruber,"['Bill Giduz', 'Andrew Swan', 'Markus Furtner', 'Maximillian Gruber']",3.0,AUT,M
Aline Faller,"['Bill Giduz', 'Andrew Swan', 'Markus Furtner', 'Aline Faller']",3.0,DEU,F
Eric Carvalho,"['Bill Giduz', 'Andrew Swan', 'Markus Furtner', 'Eric Carvalho']",3.0,BRA,M
Julia Bonhoff,"['Bill Giduz', 'Andrew Swan', 'Markus Furtner', 'Julia Bonhoff']",3.0,DEU,F
Sven Mindel,"['Bill Giduz', 'Andrew Swan', 'Markus Furtner', 'Sven Mindel']",3.0,DEU,M
Samuel Greenwood-Wein,"['Bill Giduz', 'Andrew Swan', 'Markus Furtner', 'Samuel Greenwood-Wein']",3.0,DEU,M
Jonas Broring,"['Bill Giduz', 'Andrew Swan', 'Markus Furtner', 'Jonas Broring']",3.0,DEU,M
Guy Robinson,"['Bill Giduz', 'Jack Hirschowitz', 'Zoe Prawda', 'Guy Robinson']",3.0,USA,M
Scott Seltzer,"['Bill Giduz', 'Andrew Swan', 'Markus Furtner', 'Scott Seltzer']",3.0,ISR,M
Liya Bakhrakh,"['Bill Giduz', 'Andrew Swan', 'Markus Furtner', 'Liya Bakhrakh']",3.0,ISR,F
Roman Belinkiy,"['Bill Giduz', 'Andrew Swan', 'Markus Furtner', 'Roman Belinkiy']",3.0,ISR,M
Nils Berg,"['Bill Giduz', 'Andrew Swan', 'Markus Furtner', 'Nils Berg']",3.0,DEU,M
Nestor Koktysz,"['Bill Giduz', 'Andrew Swan', 'Markus Furtner', 'Nestor Koktysz']",3.0,POL,M
Eugene Petkevich,"['Bill Giduz', 'Andrew Swan', 'Markus Furtner', 'Eugene Petkevich']",3.0,BLR,M
Elias Loehr,"['Bill Giduz', 'Andrew Swan', 'Markus Furtner', 'Elias Loehr']",3.0,DEU,M
Jarek Widomski,"['Bill Giduz', 'Andrew Swan', 'Markus Furtner', 'Jarek Widomski']",3.0,POL,M
Silvia Osiek,"['Bill Giduz', 'Andrew Swan', 'Markus Furtner', 'Silvia Osiek']",3.0,DEU,F
Jowita Nowogrodzka-Ligeza,"['Bill Giduz', 'Andrew Swan', 'Markus Furtner', 'Jowita Nowogrodzka-Ligeza']",3.0,DEU,F
Jeremy Vik,"['Bill Giduz', 'Andrew Swan', 'Markus Furtner', 'Jeremy Vik']",3.0,USA,M
David Benz,"['Bill Giduz', 'Andrew Swan', 'Markus Furtner', 'David Benz']",3.0,DEU,M
Daniela Palickova,"['Bill Giduz', 'Andrew Swan', 'Markus Furtner', 'Daniela Palickova']",3.0,CZE,F
Viola Radmoser,"['Bill Giduz', 'Andrew Swan', 'Markus Furtner', 'Viola Radmoser']",3.0,DEU,F
Jakob Hochstrat,"['Bill Giduz', 'Andrew Swan', 'Markus Furtner', 'Jakob Hochstrat']",3.0,DEU,M
Jan Nowosad,"['Bill Giduz', 'Andrew Swan', 'Markus Furtner', 'Jan Nowosad']",3.0,POL,M
Kaupo Pilder,"['Bill Giduz', 'Andrew Swan', 'Markus Furtner', 'Kaupo Pilder']",3.0,EST,M
Cyril Pujol,"['Bill Giduz', 'Andrew Swan', 'Markus Furtner', 'Cyril Pujol']",3.0,FRA,M
Corbinian Neubauer,"['Bill Giduz', 'Andrew Swan', 'Markus Furtner', 'Corbinian Neubauer']",3.0,DEU,M
Josef Komissar,"['Bill Giduz', 'Andrew Swan', 'Markus Furtner', 'Josef Komissar']",3.0,USA,M
Onur Erdem,"['Bill Giduz', 'Andrew Swan', 'Markus Furtner', 'Onur Erdem']",3.0,TUR,M
Jos Tipker,"['Bill Giduz', 'Andrew Swan', 'Markus Furtner', 'Jos Tipker']",3.0,NLD,M
Thomas Boiteux,"['Bill Giduz', 'Andrew Swan', 'Markus Furtner', 'Thomas Boiteux']",3.0,FRA,M
Anton Bartsch,"['Bill Giduz', 'Andrew Swan', 'Markus Furtner', 'Anton Bartsch']",3.0,DEU,M
Jeffery Mitchell,"['Bill Giduz', 'Jack Hirschowitz', 'Zoe Prawda', 'Jeffery Mitchell']",3.0,USA,M
Joey Silknitter,"['Bill Giduz', 'Jack Hirschowitz', 'Zoe Prawda', 'Joey Silknitter']",3.0,USA,M
Ben Sayles,"['Bill Giduz', 'Barry Goldmeier', 'Mike Moore', 'Ben Sayles']",3.0,Unknown,M
Gavin Hossack,"['Bill Giduz', 'Barry Goldmeier', 'David Pavlove Cunsolo', 'Gavin Hossack']",3.0,Unknown,M
Randy Papple,"['Bill Giduz', 'Barry Goldmeier', 'Mike Moore', 'Randy Papple']",3.0,CAN,M
Greg Philips,"['Bill Giduz', 'Barry Goldmeier', 'Mike Moore', 'Greg Philips']",3.0,Unknown,M
Mark Dudek,"['Bill Giduz', 'Barry Goldmeier', 'Mark Fiore', 'Mark Dudek']",3.0,Unknown,M
Justice Seifert,"['Bill Giduz', 'Barry Goldmeier', 'Mark Fiore', 'Justice Seifert']",3.0,Unknown,M
Jacob Dudek,"['Bill Giduz', 'Barry Goldmeier', 'Mark Fiore', 'Jacob Dudek']",3.0,Unknown,M
Cameron Edmunds,"['Bill Giduz', 'Barry Goldmeier', 'Mike Moore', 'Cameron Edmunds']",3.0,Unknown,M
Bradley Fox,"['Bill Giduz', 'Barry Goldmeier', 'Mark Fiore', 'Bradley Fox']",3.0,Unknown,M
Isabel Cain,"['Bill Giduz', 'Barry Goldmeier', 'Mark Fiore', 'Isabel Cain']",3.0,Unknown,F
Sam Lowenburg,"['Bill Giduz', 'Barry Goldmeier', 'Mark Fiore', 'Sam Lowenburg']",3.0,Unknown,M
Steve Upmeyer,"['Bill Giduz', 'Barry Goldmeier', 'Mark Fiore', 'Steve Upmeyer']",3.0,Unknown,M
Rebecca Kresser,"['Bill Giduz', 'Barry Goldmeier', 'Mark Fiore', 'Rebecca Kresser']",3.0,Unknown,F
Sean O'Brien,"['Bill Giduz', 'Barry Goldmeier', 'Mark Fiore', ""Sean O'Brien""]",3.0,Unknown,M
Boris Georgiev,"['Bill Giduz', 'Barry Goldmeier', 'Mike Moore', 'Boris Georgiev']",3.0,Unknown,M
Erin Warfield,"['Bill Giduz', 'Barry Goldmeier', 'Mark Fiore', 'Erin Warfield']",3.0,Unknown,F
Erica Liddle,"['Bill Giduz', 'Barry Goldmeier', 'Mark Fiore', 'Erica Liddle']",3.0,Unknown,F
Scott Dudek,"['Bill Giduz', 'Barry Goldmeier', 'Mark Fiore', 'Scott Dudek']",3.0,Unknown,M
Eric Malikowski,"['Bill Giduz', 'Barry Goldmeier', 'David Pavlove Cunsolo', 'Eric Malikowski']",3.0,Unknown,M
Sam Karschnia,"['Bill Giduz', 'Barry Goldmeier', 'Mark Fiore', 'Sam Karschnia']",3.0,Unknown,M
Anna Voelker,"['Bill Giduz', 'Barry Goldmeier', 'Mark Fiore', 'Anna Voelker']",3.0,Unknown,F
Chris Van Hoomissen,"['Bill Giduz', 'Barry Goldmeier', 'Mark Fiore', 'Chris Van Hoomissen']",3.0,Unknown,M
William Murphy,"['Bill Giduz', 'Heather Marriott', 'Jeff Lutkus', 'William Murphy']",3.0,USA,M
Jon Conley,"['Bill Giduz', 'Heather Marriott', 'Jeff Lutkus', 'Jon Conley']",3.0,USA,M
Bekah Smith,"['Bill Giduz', 'Heather Marriott', 'Jeff Lutkus', 'Bekah Smith']",3.0,USA,F
Andrew Pratt,"['Bill Giduz', 'Heather Marriott', 'Jeff Lutkus', 'Andrew Pratt']",3.0,USA,M
Bucky Buckbinder,"['Bill Giduz', 'Heather Marriott', 'Jeff Lutkus', 'Bucky Buckbinder']",3.0,USA,M
Jesse Carpenter,"['Bill Giduz', 'Heather Marriott', 'Jeff Lutkus', 'Jesse Carpenter']",3.0,USA,M
Jamie Tucker-Foltz,"['Bill Giduz', 'Heather Marriott', 'Jeff Lutkus', 'Jamie Tucker-Foltz']",3.0,USA,M
Chris Hooper,"['Bill Giduz', 'Heather Marriott', 'Jeff Lutkus', 'Chris Hooper']",3.0,USA,M
Christopher Haaser,"['Bill Giduz', 'Barry Goldmeier', 'Mark Fiore', 'Christopher Haaser']",3.0,Unknown,M
Julian Tam,"['Bill Giduz', 'Barry Goldmeier', 'Mike Moore', 'Julian Tam']",3.0,Unknown,M
Morgan Anderson,"['Bill Giduz', 'Barry Goldmeier', 'Mike Moore', 'Morgan Anderson']",3.0,Unknown,F
Sydney McDonald,"['Bill Giduz', 'Barry Goldmeier', 'Mike Moore', 'Sydney McDonald']",3.0,Unknown,M
Daniel Glus,"['Bill Giduz', 'Jack Hirschowitz', 'Zoe Prawda', 'Daniel Glus']",3.0,USA,M
Caleb Williams,"['Bill Giduz', 'Barry Goldmeier', 'Sterling Franklin', 'Caleb Williams']",3.0,USA,M
Peter Rottenbach,"['Bill Giduz', 'Andrew Swan', 'Markus Furtner', 'Peter Rottenbach']",3.0,DEU,M
Michal Kapral,"['Bill Giduz', 'Barry Goldmeier', 'Perry Romanowski', 'Michal Kapral']",3.0,CAN,M
Karly Swaim,"['Bill Giduz', 'Jack Hirschowitz', 'Zoe Prawda', 'Karly Swaim']",3.0,USA,F
Nanci Newton,"['Bill Giduz', 'Jack Hirschowitz', 'Zoe Prawda', 'Nanci Newton']",3.0,USA,F
Brenn Swanson,"['Bill Giduz', 'Jack Hirschowitz', 'Zoe Prawda', 'Brenn Swanson']",3.0,USA,F
Elliot Kaplan,"['Bill Giduz', 'Jack Hirschowitz', 'Zoe Prawda', 'Elliot Kaplan']",3.0,USA,M
John Baker,"['Bill Giduz', 'Barry Goldmeier', 'Sterling Franklin', 'John Baker']",3.0,USA,M
Koutaro Kawano,"['Bill Giduz', 'Barry Goldmeier', 'Sterling Franklin', 'Koutaro Kawano']",3.0,JPN,M
Donnell Griffith,"['Bill Giduz', 'Jack Hirschowitz', 'Zoe Prawda', 'Donnell Griffith']",3.0,USA,M
Piotr Maciejewski,"['Bill Giduz', 'Andrew Swan', 'Markus Furtner', 'Piotr Maciejewski']",3.0,POL,M
Chris Fowler,"['Bill Giduz', 'Barry Goldmeier', 'Sterling Franklin', 'Chris Fowler']",3.0,Unknown,M
Logan Pearce,"['Bill Giduz', 'Barry Goldmeier', 'Sterling Franklin', 'Logan Pearce']",3.0,Unknown,F
Trevor Stenson,"['Bill Giduz', 'Jack Hirschowitz', 'Zoe Prawda', 'Trevor Stenson']",3.0,USA,M
Christian Gonzales,"['Bill Giduz', 'Jack Hirschowitz', 'Zoe Prawda', 'Christian Gonzales']",3.0,USA,M
Graydon Snider,"['Bill Giduz', 'Barry Goldmeier', 'Michael-Lucien Bergeron', 'Graydon Snider']",3.0,CAN,M
Josh Horowitz,"['Bill Giduz', 'Barry Goldmeier', 'Sterling Franklin', 'Josh Horowitz']",3.0,Unknown,M
Nicholas Boffa,"['Bill Giduz', 'Barry Goldmeier', 'Sterling Franklin', 'Nicholas Boffa']",3.0,Unknown,M
Valentin Bolognini,"['Bill Giduz', 'Barry Goldmeier', 'Sterling Franklin', 'Valentin Bolognini']",3.0,Unknown,M
Joel Hilchey,"['Bill Giduz', 'Barry Goldmeier', 'Sterling Franklin', 'Joel Hilchey']",3.0,Unknown,M
Stephan Cipra,"['Bill Giduz', 'Barry Goldmeier', 'Sterling Franklin', 'Stephan Cipra']",3.0,Unknown,M
Bradley Fiander,"['Bill Giduz', 'Barry Goldmeier', 'Michael-Lucien Bergeron', 'Bradley Fiander']",3.0,CAN,M
Thomas Dietz,"['Bill Giduz', 'Barry Goldmeier', 'Mark Fiore', 'Thomas Dietz']",3.0,DEU,M
Sarah Szefi,"['Bill Giduz', 'Barry Goldmeier', 'Perry Romanowski', 'Sarah Szefi']",3.0,USA,F
Zach Warren,"['Bill Giduz', 'Barry Goldmeier', 'Perry Romanowski', 'Michal Kapral', 'Zach Warren']",4.0,USA,M
Simon Hodge,"['Bill Giduz', 'Barry Goldmeier', 'Perry Romanowski', 'Michal Kapral', 'Simon Hodge']",4.0,CAN,M
Jason Bigonia,No Connection to Bill Giduz,inf,USA,M
Johan Swartvagher,No Connection to Bill Giduz,inf,FRA,M
Dominic Lodge,No Connection to Bill Giduz,inf,GBR,M
Levent Denizci,No Connection to Bill Giduz,inf,TUR,M
Jonathan Austin,No Connection to Bill Giduz,inf,USA,M
Jake Lodge,No Connection to Bill Giduz,inf,GBR,M
Dana Giuglielmo,No Connection to Bill Giduz,inf,USA,F
James McDiarmid,No Connection to Bill Giduz,inf,GBR,M
Jill Edgecomb,No Connection to Bill Giduz,inf,Unknown,F
Davld Pavlove Cunsolo,No Connection to Bill Giduz,inf,Unknown,M
Marla Edgecomb,No Connection to Bill Giduz,inf,USA,F
Quest Crothers,No Connection to Bill Giduz,inf,Unknown,M
Skye Jerpbak,No Connection to Bill Giduz,inf,Unknown,F
Giovanni Gaole,No Connection to Bill Giduz,inf,Unknown,M
Andy Widmann,No Connection to Bill Giduz,inf,Unknown,M
Andrew Miller,No Connection to Bill Giduz,inf,USA,M
Jean-Marc Doiron,No Connection to Bill Giduz,inf,CAN,M
Kacper Suchora,No Connection to Bill Giduz,inf,POL,M
Ashrita Furman,No Connection to Bill Giduz,inf,USA,M
Tim Ebersole,No Connection to Bill Giduz,inf,USA,M
Chris Edwin,No Connection to Bill Giduz,inf,GBR,M
Ketan Abhonkar,No Connection to Bill Giduz,inf,IND,M
Scott Jenkins,No Connection to Bill Giduz,inf,GBR,M
Tristan Heinicke,No Connection to Bill Giduz,inf,USA,M
Attila Suszter,No Connection to Bill Giduz,inf,HUN,M
Ferda Tekgül,No Connection to Bill Giduz,inf,TUR,M
Dillon Hutyra,No Connection to Bill Giduz,inf,USA,M
Nati Tuppen,No Connection to Bill Giduz,inf,GBR,F
Charlie Freeman,No Connection to Bill Giduz,inf,USA,M
John Riden,No Connection to Bill Giduz,inf,USA,M
Justin Delong,No Connection to Bill Giduz,inf,USA,M
Roy van Rijn,No Connection to Bill Giduz,inf,NLD,M
David Rush,No Connection to Bill Giduz,inf,USA,M
Necmi Oztoprak,No Connection to Bill Giduz,inf,TUR,M
Pete Barnard,No Connection to Bill Giduz,inf,GBR,M
John Jervis,No Connection to Bill Giduz,inf,GBR,M
Jonas Eberlein,No Connection to Bill Giduz,inf,DEU,M
Ingbert Bittel,No Connection to Bill Giduz,inf,DEU,M
Dean Radcliffe,No Connection to Bill Giduz,inf,USA,M
Ivan Schleppenbach,No Connection to Bill Giduz,inf,USA,M
Nigel Wakita,No Connection to Bill Giduz,inf,CAN,M
Rhett Farber,No Connection to Bill Giduz,inf,USA,M
Jeff Civillico,No Connection to Bill Giduz,inf,USA,M
Chris Pert,No Connection to Bill Giduz,inf,USA,M
Emily Beaver,No Connection to Bill Giduz,inf,USA,F
Tom Gounley,No Connection to Bill Giduz,inf,USA,M
Mirek Urban,No Connection to Bill Giduz,inf,POL,M
David Quint,No Connection to Bill Giduz,inf,USA,M
Kevin Williams,No Connection to Bill Giduz,inf,GBR,M
Jorge Vilchis,No Connection to Bill Giduz,inf,MEX,M
Gopi Devarajulu,No Connection to Bill Giduz,inf,IND,M
Steve Portwine,No Connection to Bill Giduz,inf,GBR,M
Will Be,No Connection to Bill Giduz,inf,GBR,M
Zach Prescott,No Connection to Bill Giduz,inf,USA,M
Meilyr Wyn,No Connection to Bill Giduz,inf,GBR,M
Scott Gorman,No Connection to Bill Giduz,inf,USA,M
David Livingston,No Connection to Bill Giduz,inf,USA,M
Joshua Pichotta,No Connection to Bill Giduz,inf,USA,M
Colin Francome,No Connection to Bill Giduz,inf,GBR,M
Peter Rupprecht,No Connection to Bill Giduz,inf,DEU,M
Malachy Kelly,No Connection to Bill Giduz,inf,IRL,M
Reggie L,No Connection to Bill Giduz,inf,GBR,M
Rik Konings,No Connection to Bill Giduz,inf,NLD,M
Erick Sells,No Connection to Bill Giduz,inf,USA,M
EJ Coldham,No Connection to Bill Giduz,inf,GBR,F
Nick Burns,No Connection to Bill Giduz,inf,GBR,M
Derrick Adams,No Connection to Bill Giduz,inf,GBR,M
Stefan Nygard,No Connection to Bill Giduz,inf,SWE,M
Stuart Humphries,No Connection to Bill Giduz,inf,GBR,M
JL Coldham,No Connection to Bill Giduz,inf,GBR,M
Tim Butler,No Connection to Bill Giduz,inf,GBR,M
Heather Thompson,No Connection to Bill Giduz,inf,USA,F
David Tate,No Connection to Bill Giduz,inf,USA,M
Dana Lee Ling,No Connection to Bill Giduz,inf,FSM,M
John Handy Bosma,No Connection to Bill Giduz,inf,USA,M
Kalia Handy Bosma,No Connection to Bill Giduz,inf,USA,F
Narelle Cabassi,No Connection to Bill Giduz,inf,AUS,F
John Dombach,No Connection to Bill Giduz,inf,USA,M
Paul-Erik Lillholm,No Connection to Bill Giduz,inf,NOR,M
Toon Witters,No Connection to Bill Giduz,inf,BEL,M
Nathan Agnew,No Connection to Bill Giduz,inf,GBR,M
Jannik Weiss,No Connection to Bill Giduz,inf,DEU,M
Ryan Himmel,No Connection to Bill Giduz,inf,USA,M
Brady Xue,No Connection to Bill Giduz,inf,USA,M
Jordan Evans,No Connection to Bill Giduz,inf,GBR,M
Gavin Levenstein,No Connection to Bill Giduz,inf,ZAF,M
Rick Kwiatkowski,No Connection to Bill Giduz,inf,USA,M
Henry Wellenstein,No Connection to Bill Giduz,inf,USA,M
Peter Meyer,No Connection to Bill Giduz,inf,DEU,M
Brian Linehan,No Connection to Bill Giduz,inf,IRL,M
Ralph Kidner,No Connection to Bill Giduz,inf,GBR,M
Kevin Sawers,No Connection to Bill Giduz,inf,GBR,M
Scott Boehret,No Connection to Bill Giduz,inf,USA,M
Trevor McQuay,No Connection to Bill Giduz,inf,USA,M
Christian Roberto Lopez Rogriguez,No Connection to Bill Giduz,inf,ESP,M
Reg Bolton,No Connection to Bill Giduz,inf,GBR,M
